title,user,content,category,image,time,difficulty,recipe,ingredient,quantity,equip,detail
미역국 단시간에 뽀얗고 진하게 끓이기.,1,뽀얗고 진한 미역국을 단시간에 끓이려면..미역국은 오랜시간을 끓여야 정말 맛있는 미역국이 된다. 물론 오랜시간 푹~~~ 끓일수 있다면 좋겠지만. 시간이 없다면.. 시간을 조금 줄여서 맛있는 미역국을 끓일수 있다면 정말 좋을 거다.,한식,https://recipe1.ezmember.co.kr/cache/recipe/2017/03/28/61fdd74be6ba26d779a90b2777c66f4a1.jpg,30,1,"미역,","다진마늘,1T","간장,1T","된장,1t","소금,간에맞게",끝,미역은 물에 담궈 불려준다.,"불려진 미역은 잘게 잘라서 냄비에 넣고, 참기름을 넉넉히 두르고 센불에 볶아준다. 센불에 미역이 물기가 거의 없어질 정도로 많이 볶아준다. 미역들이 물기가 없어 냄비에 달라 붙을 지경이 될때까지.. 이게 뽀인트1",볶아진 미역에 물을 미역이 잠기지 않을정도로만 부어주고 다진마늘을 한스푼정도 넣어주고 센불에 끓여준다. 이게 뽀인트 2!!!! 물을 적게 붓는 것.. 물이 적으면 그만큼 잠깐만 끓여도 미역국이 뽀얗게 나온다.,"물이 졸아들면 다시 물을 미역이 잠길만큼 부어준다. 벌써 국물이 뽀얗게 보인다. 간은 간장 1T, 된장 1/2T, 소금(원하는 간만큼 소금을 넣어준다.)",국물이 졸아들면 이제 원하는 물 높이로 물을 넣고 센불에 마지막으로 시간이 되는만큼 끓여준다.,"뽀얗고 진한 미역국 완성!! 홍합미역국, 새우미역국 등등 본인이 원하는 미역국이 있을거다.. 그건 개인취향에 따라 추가 하면 됨...",끝
시판용 사골육수로 미역국 끓이기~,1,어제 제 생일이였는데 냉동실에 고기도 없고 뭐 다른것도 없길래 시판용 사골곰탕 국물로 미역국 끓여봤는데 맛있었어요^^,한식,https://recipe1.ezmember.co.kr/cache/recipe/2018/08/31/1e4af83877a07ec17f9e5feceee834bd1.jpg,30,1,"인스턴트사골곰탕,1팩","미역 불린거,3줌정도","들기름,1큰술","다진마늘,1큰술","국간장,1큰술","참치액,2큰술","소금,적당히","후춧가루,조금",끝,우선 미역은 불려주고요.,국물은 이걸로 맛을 낼꺼예요~,들기름 1큰술에 다진마늘 1큰술 넣어 들들 볶아줍니다.,불려 놓은 미역 3줌도 물기 짜서 넣어준다음 같이 2분 정도 볶아줍니다.,물은 미역이 잠길만큼 부어준다음..,시판용 사골국물 한팩을 넣어줍니다.,그런다음 바글바글 끓여줍니다.,여기에 국간장 1큰술 정도 넣어주고요.,참치액 2큰술도 넣어줍니다.참치액이 없으면 액젓을 넣어주어도 괜찮아요~,다시다 1티스푼 넣어준다음 나머지 간은 소금으로 해주면 사골 미역국 완성입니다~,불을 끈 다음 마지막에 후춧가루 조금 갈아서 넣어주면 됩니다~,끝
미역국 맛있게 끓이는 법 이것만 기억해요,1,"남녀노소 누구나 좋아하는 미역국 소고기넣고 끓인 미역국은 다른반찬 부럽지 않은 정말 밥도둑 음식이죠. 밥한그릇 말아주면 김치만 있어도, 혹은 없어도 넘 맛있게 호로록 먹을수 있답니다 :)",한식,https://recipe1.ezmember.co.kr/cache/recipe/2018/07/07/a14842fdfa1d49010e94b4ac91603d1c1.jpg,90,1,"미역,","소고기,1줌","참기름,1스푼","다진마늘,1스푼","국간장,2스푼","소금,",끝,먼저 미역은 물에 30분정도충분히 불려줍니다. 이때 저처럼 자른 미역을 준비하셨다면 패스큰 미역을 준비하셨다면 다 불린후 먹기좋게 잘라주셔요.,미역이 다 불리면 냄비에 참기름 1스푼 두르고 소고기를 맛있게 볶아줍니다.,소고기의 겉면이 익으면불린 미역을 넣어 같이 볶아줍니다.,"그리고 다진마늘 1스푼과 국간장 2스푼 넣어주는데요. 혹시나 아이가 먹거나 다진마늘이 싫으신분은 안넣거나, 반스푼만 넣어주셔도 될듯해요. 그래도 조금은 들어가야 맛있더라구요 :)",이제 물을 충분히 넣고뚜껑 닫고 푹- 끓여줍니다. 이때 그냥 끓이는게 아닌한참 20-30분정도 끓이다가 국물이 줄어들면 다시 물을 넣고 더 끓이고또 어느정도 시간이 지나 줄어들면다시 또 넣고 끓이고를 1시간이상 반복해주는데요. 푹 1시간정도 끓였을때비로소 진한 국물맛을 내는 미역국!!!,앞에 1시간동안 서있을 필요는 없구요.다른일 보다가 어느정도 시간지났다 싶으면 물 넣고그런식으로 반복하다보면 금방이더라구요. ㅎㅎ 그러면 요렇게 색깔자체가 진하게 바뀐답니다. 부족한 간은 소금으로 넣어주시구요.간장으로 간을 다 맞추면 국물색이 탁해지기 때문에간장은 아까 넣은 2스푼으로 끝내고나머지는 소금으로 맞춰주시는걸 추천드려요!,끝
신랑 생일 미역국은 역시 소고기 미역국이지..,1,신랑 생일이라 미역국 끓였어요,한식,https://recipe1.ezmember.co.kr/cache/recipe/2023/06/13/e9878ae3a521435aeb42c9b38ca95a531.jpg,60,1,"소고기,200g","미역,1컵","사골곰탕,1팩","국간장,2큰술","참치액,2큰술","다시다,1티스푼","소금,2티스푼 정도","후춧가루,조금","다진마늘,1티스푼","들기름,2큰술",끝,"냄비에 들기름 2큰술, 다진마늘 1티스푼, 소고기 넣고 고기 익을때까지 볶아줍니다.",불리지 않은 미역 찬물에 한번 헹궈준다음 고기랑 같이 넣고 볶아줍니다,국간장 2큰술 넣고 같이 볶아주다가,물 붓고,사골곰탕 1팩 넣어주고,참치액 2큰술 넣어주고 끓여줍니다.,끓으면 소금과 다시다를 넣어 간 맞춰줍니다.,대략 10분 정도 푹 끓여주고 마지막 후춧가루 좀 뿌려주면 소고기 미역국 완성입니다.,끝
미역국 맛있게 끓이는 법 고기없이도 진하게,1,미역국을 워낙에 좋아하는데 역시 미역국엔 소고기가 들어가야 구수하고 맛있잖아요 ​ 그치만 고기가 안들어가도 충분히 맛있고 진하게 끓일수 있는거 아시나요? 이번에 급하게 끓이느라 미역만 넣고 끓여봤는데 오히려 너무 깔끔하고 정말 맛있더라구요 ​ 미역국 맛있게 끓이는 법,한식,https://recipe1.ezmember.co.kr/cache/recipe/2019/01/19/b63e0cd0bedc08b90fd43e4c2d9adf811.jpg,60,2,"자른미역,","참기름,1스푼","다진마늘,1/2스푼","국간장,2스푼","소금,","멸치액젓,1/2~1스푼",끝,먼저 미역은 자른미역으로 준비했는데요 자르지 않은걸로 준비했다면 불린후 나중에 가위로 잘라주심 됩니다 미역은 물에 30분이상 푹 담궈 불려줍니다,"30분 정도후, 미역이 다 불려지면 냄비에 참기름 1스푼을 넣고 미역을 넣어 달달 볶아줍니다 이때 미역을 달달 물기가 없어질 정도로 오래 볶아줘야 더 맛있다고 해요 :)",볶아진 미역에 다진마늘 반스푼과 국간장 2스푼을 넣고 한번더 볶아준 뒤,간장을 이미 넣어줬기 때문에 또 넣으면 색깔이 탁해질수 있어요 나머지 간은 소금으로 해주거나 액젓을 살짝 넣어주면 더 깊은맛을 낼수 있다고 해요 이때 액젓은 멸치액젓 입니다^^,끝
미역하나로 깊고진한 미역국끓이기,1,"미역말고 다른재료가 딱히 없을때마다 미역하나만으로 깊고 진한, 감칠맛최고 미역국맛을 완성해봤습니다~",한식,https://recipe1.ezmember.co.kr/cache/recipe/2019/03/27/1ae1cc61a6ea2ff0a5c930ae6a3738fb1.jpg,30,1,"불린미역 눌러담아,2종이컵","국간장,5큰술","멸치액젓,1큰술","다진마늘,0.5큰술","참기름,2큰술","참치액,1.5큰술",끝,불린미역을 먹기좋게 가위로잘라 종이컵에 눌러담아 2컵 준비해주세요,냄비에넣고 국간장5큰술중 우선 2큰술+멸치액젓1큰술+참기름2큰술+마늘 반큰술을넣고 손으로 자박자박 나물무치듯 무쳐주세요,중불에놓고 저어가며 2~3분간 볶아줍니다,1. 불은 그대로놓고 500ml 찬물을 넣고 한두번 저어주면서 팔팔 끓어오르면 1~2분정도 더 팔팔 끓이다가2. 또 물 500ml를 붓고 반복합니다. 팔팔끓으면 1~2분정도 팔팔 또끓이다가3. 마지막으로 물 500ml를 넣고 팔팔 끓여줍니다.반복하면 냄비에 뽀얗고 진한미역국이 저정도 차오릅니다. 마지막 간은 나머지 국간장 3큰술+참치액 1.5큰술 넣고 5분정도 팔팔 끓여주시고(여기까지는 뚜껑을열고 조리해주세요) 최고 약불로줄여 뚜껑덮고 10분간 뜸들이듯 더끓이면 깊고진한 미역국이 완성!!!,끝
집밥백선생 고기없이 끓이는 맑은미역국 황금레시피,1,"고기는 사러 나가기 귀찮고, 국은 끓여야겠고! 집밥백선생 보고 맑은 미역국 끓여봤어요",한식,https://recipe1.ezmember.co.kr/cache/recipe/2016/09/02/f09ae32289aab8eec1f75fa5bfbb16801.jpg,30,2,"미역,1/2컵(종이컵)","물,7컵","참기름,1큰술반","국간장,2큰술","다진마늘,1큰술","소금,1/2큰술",끝,종이컵 기준으로 물 1/2컵(4인분기준)을 물 2.5컵에 10분정도 불려주세요.,"미역이 다 불려졌으면, 냄비에 참기름 1큰술반을 넣고 중불로 불ON!!","불린 미역을 넣어주세요. 큰 미역은 가위로 좀 잘라주시고 볶아주세요. 이때 미역색이 연해 질때까지 달달달 볶아주세요!*기름이 너무 많거나 불이 세거나, 냄비가 얇으면 미역이 튈 수 있으니 주의하세요*","미역색이 연해졌을때, 국간장2큰술을 넣어주시고-",다진마늘 1/2큰술도 넣어주세요. 국간장이 졸아들면서 미역의 비린맛도 잡아주고 풍미도 살려준답니다:),종이컵 기준으로 물7컵을 넣어주세요!,"소금 1/2큰술 넣어주시고, 간 봐가면서 취향껏 소금간을 더 해주시면 됩니다'-'","한소끔 끓인뒤, 한차례 식혀주고 다시 한번 끓여주시면 더욱 더 깊은맛이 나는 미역국을 드실 수 있어요!",짜잔! 맑은 미역국완성이요:) 고기없이 끓인것 치곤 너무 맛있었어요 역시 백주부님 짱짱맨!!,끝
"엄마의 레시피, 소고기 미역국 끓이는 법",1,세상에서 가장 맛있는 미역국은 울 엄마표 #소고기미역국 막 결혼하고 나선 그 맛이 그리워 혼자 끓여봤는데 맛이 영 아닌 거예요. 요리책에 의존하긴 했으나 재료 하나 빼먹지 않고 만들었건만 어딘가 10%쯤은 모자란 맛. 결국 엄마에게 전화를 걸어 요리법을 꼬치꼬치 캐물어봤다지요. 그날 이후론 엄마만의 시크릿 레시피를 알게 되어 요즘은 '엄마 손맛'을 제법 흉내 내고 있어요^^ 우리 엄마의 #미역국 끓이는 법 공개해요.,한식,https://recipe1.ezmember.co.kr/cache/recipe/2017/07/28/860484b80033e84a3584a366ae903a0d1.jpg,60,2,"소고기(국거리용),180g","미역,1줌(20g)","쌀뜨물(혹은 물),1.4L(종이컵 기준 약7컵)","다진마늘,1큰술","참기름,1큰술","국간장,2큰술","소금,약간",끝,키친타올을 이용해 소고기 핏물을 닦아주세요.덩어리 고기를 사용할 경우 수직 방향(고기의 결과 반대로)으로 썰어주세요.결대로 썰어주면 고기가 질겨져요.,미역은 물 500ml(약 2.5컵)에 10분간 불려주세요.미역 20g은 이 정도.대충 가늠할 수 있겠지요?저울이 없는 분들은 사진 참고해서 양 조절해주세요.,"미역은 물 500ml(약 2.5컵)에 10분간 불려주세요.혹, 양 조절에 실패했다면 불린 미역은 냉동실에 보관해뒀다가 드세요.",불린 미역은 가위를 이용해 먹기 좋은 크기로 잘라주세요.,미역은 체를 이용해 건져주세요. 이때 미역 불린 물은 버리지 않고 미역국 끓일 때 물 대신 사용해주세요.엄마의 레시피..미역 불린 물 혹은 쌀뜨물을 넣어 미역국을 끓이는 거예요.국물의 깊이가 달라진다고 해야 할까요?조미료 하나 넣지 않고도 깊고 진한 맛의 미역국을 끓일 수 있어요.,중불로 달군 냄비에 참기름 1큰술을 두른 뒤 다진마늘 1큰술과 소고기를 넣고 볶아주세요.,소고기 겉면이 절반 정도 익을 때쯤 국간장 1큰술을 넣어 볶아주세요.,미역을 넣고 푸른색을 띨 때까지 달달 볶아주세요.,쌀뜨물 혹은 미역 불린 물 400mL(약 2컵)를 붓고 강불로 올려주세요.,국물이 끓기 시작하면 물 1L(약 5컵)를 넣어주세요. 다시 끓어오르면 중약불로 줄인 뒤 15분간 끓여주세요.,국간장 1큰술을 넣고 부족한 간은 소금으로 더해주세요. 엄마 손맛 가득한 미역국 완성입니다.,끝
참치미역국 끓이는 방법 감칠맛있는 미역국레시피,1,통조림 참치 넣어 끓이는 미역국이에요. 고소하고 감칠맛있는 미역국~ 아이들이 참 좋아해요^^,한식,https://recipe1.ezmember.co.kr/cache/recipe/2023/06/09/dcdfee5bb5fc54825d98d26b8b0150cd1.jpg,30,2,"건미역,20g","참치캔,100g","참기름,1스푼","다진마늘,1스푼","국간장,1스푼","소금,약간","후추,","물,1.5L",끝,건미역이 잠길 만큼 물을 부어 미역을 10여분 불려주세요.건미역20g볼,미역을 불리는 동안 참치캔을 개봉해 발암물질인 퓨란을 날려줍니다.,10분 뒤 미역을 씻어 물기를 빼고 먹기 좋은 크기로 잘라줍니다.,"참기름1스푼,다진마늘1스푼과 미역을 가볍게 볶아줍니다.냄비중불마늘과 미역이 냄비에 붙지 않게 빠르게 볶아주세요.",물 1.5L와 국간장 1스푼도 넣어줍니다.중불,보글보글 끓어오르면 참치를 넣어주세요. 15분정도 끓여주다가 후추 넣어 마무리합니다.,끝
미역국 맛있게 끓이기,1,오늘은 평소에 저에게 고마왔던 분들께 드릴 음식보은 용으로 맘먹고  대 용량 미역국 끓였어요.  ​  ​  어떤 미역도 명품미역 식감으로 만드는  울 엄마 비법으로  ​  ​  미역국 끓이기,한식,https://recipe1.ezmember.co.kr/cache/recipe/2020/01/23/de2b60a4ad98f9a3eebc5cfa2b1a6c771.jpg,60,1,"마른미역,80g","소고기,200g","쌀뜬물(3.4리터),17컵","멸치액젓,2큰술","소금,1큰술","다진마늘,1/2큰술",끝,소고기는 먹기 좋게 잘게 썰고미역은 물에 불린 후 먹기 좋게 썰어요.,달달달~~센불에서 10분 볶아요.(타지 않게 쌀뜬물 조금씩 부어가면서)참기름을 넣지 않아 국물이 담백 합니다.,쌀뜬물 물 16컵( 3.2리터)을 붓고20분 끓여요.,국물이 끓어오르면중불로 줄이고멸치액젓 2큰술,소금 1큰술로 간을 맞춥니다.,20분 끓은 후다진마늘 1/2큰술 넣고10분 더 끓여요.(미역국 총 끓이는 시간은 30분),거품은 걷어 내고요.,미역을 담고국물을 좌악~~~,맛난 친정 엄마표미역국 완성!,야들야들~ 미역 식감에시원 담백한 미역국물이절루 감탄!!!! 연발,음식보은배달 준비 다 됐어요~~~,끝
하이볼 만드는법 위스키 하이볼 만들기,1,육퇴후 신랑과 가볍게 한잔하곤 하는데요. 가장 즐겨 마시는 게 맥주이지만 요즘은 위스키에 토닉워터 섞어 레몬 넣은 산뜻한 하이볼을 즐겨마시고 있어요. 엄청 예전에 일본 여행을 갔을 때 처음 맛보고는 완전 취향저격이더라고요. 그래서 여행 내내 즐겨마셨던 추억이 있어요.,안주,https://recipe1.ezmember.co.kr/cache/recipe/2021/11/03/53dda3df69072c17fb56e63fc1eb1ac91.jpg,5,1,위스키30ml,"토닉워터,120ml","레몬 혹은 레몬즙,1개",끝,레몬은 반으로 잘자른 뒤토핑으로 올려줄 조각을 빼고즙을 내어줍니다.토닉워터 레몬향이나 진저 같은 걸 사서만들어 드셔도 좋아요.,잔에 얼음을 가득 채워 줍니다.,위스키 30ml 를 먼저 넣고하이볼만드는법 포인트!위스키와 토닉워터 비율인데요.위스키 1 : 토닉워터(소다수) 4로 넣어주면 되어요.,소다수 120ml를 넣어주었답니다.,여기에 상큼함을 더해줄레몬즙을 넣어주면 향도 좋고 맛도 좋아요.,위스키하이볼 완성입니다.레몬 한 조각을 올려주면한 끗 차이로분위기 좋은 술집에 온 기분이 들지요.,끝
하이볼만들기 위스키 스카치로 하이볼,1,요즘 집에 바를차렸어요 하이볼을 내맘대로 맛있게 먹어요 이마트트레이더스에서 산 2만원대 스카치 위스키~~50잔은 먹겠어요 https://blog.naver.com/yejin1108/222195219982,안주,https://recipe1.ezmember.co.kr/cache/recipe/2021/01/03/25b28e5252a9ad54d9a738c5106a04551.jpg,5,1,"얼음,5개",진토닉150ml,레몬청슬라이스2개,"레몬쥬스,1T","위스키 소주,1잔",끝,1잔당(300ml기준잔)얼음을 넣고 5~6개넣어주세요,레몬청 2슬라이스정도넣어주시구요~(늘깨쟁이는 청을담궈둔답니다.),진토닉 절반150ml넣고위스키 소주잔30ml레몬쥬스(원액) 1T 넣습니다.,잘섞어서 맛있게 드세요,끝
위스키로 하이볼 만들기,1,"펜데믹 시대에 나가서 술마시기도 힘든 시기인지라 저는 집에서 홈술을 종종 즐기는데요, 시원한 맥주도 부담없이 좋지만 속까지 짜릿한 독한 술도 가끔은 생각날때가 있는것 같아요. 소주나 베이킹용 럼주를 가끔 즐기기도 하는데 이번에는 위스키로 하이볼을 만들어 봤어요. 맛있는 위스키 칵테일.. 하이볼~! 만들어 봐요~",안주,https://recipe1.ezmember.co.kr/cache/recipe/2020/10/13/ccbf3736be8e073eca5af1baf47df55e1.jpg,10,1,위스키30ml,"매실청이나 메이플 시럽,10~20ml","레몬즙,취향껏","얼음,몇개","탄산수,90ml",끝,잔에 위스키 넣고..,얼음도 몇개 넣고..,"메이플 시럽이나 매실청을 넣고, 레몬즙 취향껏 넣고..",마지막으로 탄산수 넣고 저어주면 완성~!,끝
하이볼만들기 ,1,위스키로 만드는 홈칵테일 하이볼입니다,안주,https://recipe1.ezmember.co.kr/cache/recipe/2023/01/25/9b6379084146c2f41ed30b562f2e900b1.jpg,5,1,"얼음,적당량",위스키30ml,"탄산수,70ml","레몬즙,20ml","얼그레이,30ml","레몬슬라이스,1~2조각",끝,컵에 얼음잔뜩넣고위스키를 쪼로록 넣어 주지요,레몬즙도 쪼로록 넣어주고,탄산수는 마구 부어줍니다 ㅎ,얼그레이 진하게 우려서 쪼로록~하이볼 완성 입니다레몬슬라이스로 멋부리기도 좀 해면더 좋았을테지만..없어도 찐 맛있는 하이볼이 되었어요 ㅎ얼그레이시럽 사용해도 됩니다,끝
집에서 맛없는 위스키로 하이볼 만들기,1,,안주,https://recipe1.ezmember.co.kr/cache/recipe/2021/11/01/8ea9ee1f9f113ad7562d577c969146901.jpg,5,1,위스키,"얼음,","탄산수,","과일청,",끝,첫잔은 스카치 위스키의 맛이 너무 강했고 레몬즙은 너무 셨다. 요즘 하이볼 제조로 유명한 산토리 위스키를 사야하나 싶었지만 다시 제조해보기로 했다.,얼음 가득 채운 잔에 위스키 1/5 : 탄산수 4/5 : 과일청 티스푼 2스푼 가득 넣는다,과일청은 꼭 유자청이 아니어도 상관없고 단맛을 더 내고싶다면 과일청을 듬뿍넣고 하이볼의 생명은 얼음이다. 얼음을 정말 가득넣는게 진리이다,끝
★시럽으로 간편하게 만드는★얼그레이 위스키 하이볼 만들기 ,1,"[베티나르디] 얼그레이 티베이스로 집에서도,  매장에서도 간편하게 만드는 얼그레이 위스키 하이볼만들기에요!  술 넣지 않고 얼그레이 티베이스에 탄산수나 사이다만 넣으면  얼그레이 에이드로 맛있게 즐길 수 있는 레시피입니다.   술은 위스키, 소주 잘 어울려요! 기호에 맞게 적정량을 넣으면 좋을것 같아요 ㅎㅎ",안주,https://recipe1.ezmember.co.kr/cache/recipe/2022/05/19/b8cd6f1dce79094ebbd4fe38490702271.jpg,5,1,"티베이스 얼그레이,40g","탄산수,120g","얼음,1잔","소주,60g",끝,"준비된 유리잔에 얼음을 가득 넣어준 뒤, 탄산수를 부어주세요.사이다를 넣어주셔도 되는데, 베이스 자체가 가당된 시럽이라고 보시면되요, 너무 달수도있으니 탄산수나 토닉워터로 추천드려요 반대로 탄산수로 해봤는데 달지 않다고 느껴지신분들은 사이다를 넣어주세요.",얼그레이 티 베이스를 넣어주세요 .,소주 60g (or 양주) 을 넣어주세요. (기호에 따라 양 조절)*전설의 캡틴큐가 있길래 넣어봤어요! 캡틴큐..머리아파요 ㅠㅠ!,"기호에 따라 레몬슬라이스, 허브잎을 넣어 가니쉬 해주세요.얼그레이와 레몬은 찰떡궁합이어서 넣어줬어요! 허브잎은 타임으로 넣었는데 로즈마리로 해주셔도 됩니다. 가니쉬는 이뻐보이려고 하는거라서 굳이 안넣으셔도 됩니다. ",끝
[제로칼로리 하이볼]이마트 가성비 위스키 칵테일 다이어트 하이볼 황금 비율 만들기ㅣ홈술 조니워커 집들이 파티 레시피,1,"애주가에게 희소식이 있어요!! 진로 토닉워터 ZERO 가 나왔습니다.  오리지널 300ml 기준 128kcal여서 아무래도 계속 먹기 부담스러웠는데요 이제는 제로 칼로리로 즐기실 수 있어요  제가 가장 좋아하는 조합은 진로 토닉워터ZERO + 조니워커레드라벨  조니워커레드라벨은 가성비 좋은 스카치로 유명한데 럼과 비슷한 풍미를 지니고 있고 윈저, 벨스와 달리 숙취가 없는편이에요 700ml가 이마트에서 3만원대로 구매가능합니다.  그럼 제로칼로리 하이볼 황금비율 알려드릴께요^^",안주,https://recipe1.ezmember.co.kr/cache/recipe/2022/03/31/54d3d191c1c7ea244cb5b1ffba30a2651.png,5,1,조니워커 레드라벨1/4소주잔,진로 토닉워터제로300ml,"얼음,12개","레몬,1개",끝,가니쉬할 레몬을 잘 씻는다.,1.5cm두께로 잘라준다.,스텐 텀블러(500ml용량)에 각얼음을 9부정도 담아줍니다.,토닉워터제로를 텀블러에 1/2 까지 채워줍니다.토닉워터 절반 -> 술 -> 절반 넣어주면 잘 섞여요!,가니쉬할 레몬 한조각을 넣어줍니다.,조니워커 레드를 텀블러에 소주컵 기준 1/4 만 넣습니다.,남은 토닉워터제로를 텀블러의 8-9부가 될 때 까지 채운다.,잘 섞어 맛을 보고 취향에 따라 가감 처리한다.,끝
[저칼로리] 나혼산 시그니처 얼그레이 하이볼 만들기 레시피 나래바 나혼자산다,1,"나혼자산다 에서 박나래님이 이사한 새 집을 공개하고, 코드 쿤스트, 산다라 박, 이장우, 차서원을 '나래 미식회'로 초대하여 시그니쳐 얼그레이 하이볼을 소개했는데요  얼마나 맛있는지 품절 대란이라고 합니다.  아무래도 맛있지만 칼로리가 높아(토닉워터 300ml 128kcal + 시럽 α) 먹기 부담스러웠는데요  다이어터분들도 드실 수 있도록 저칼로리 버전으로 만들었습니다^^ (방송과 동일한 얼그레이시럽을 사용했습니다.)  저칼로리로 즐기세용",안주,https://recipe1.ezmember.co.kr/cache/recipe/2022/04/11/3c422e9ac67856bad3c38a9cb4b2fcd01.jpg,5,1,"믹솔로지 스모키얼그레이 시럽,20ml",조니워커 레드라벨1/4소주잔,진로 토닉워터 제로300ml,"얼음,12개","레몬,1개",끝,가니쉬할 레몬을 잘 씻는다.,1.5cm두께로 잘라준다.,스텐 텀블러(500ml용량)에 각얼음을 9부정도 담아줍니다.,토닉워터제로를 텀블러에 1/2 까지 채워줍니다.,가니쉬할 레몬 한조각을 넣어줍니다.,조니워커 레드를 텀블러에 소주컵 기준 1/4 만 넣습니다,얼그레이 시럽을 20ml 넣어준다.(1펌프)취향에 따라 약하시면 2펌프 넣어주세요~,남은 토닉워터제로를 텀블러의 8-9부가 될 때 까지 채운다.,잘 섞어 맛을 보고 취향에 따라 가감 처리한다.,끝
잭다니엘 허니 히비스커스,1,잭다니엘 허니를 이용한 간단한 하이볼 레시피입니다.  02:17초 부터 보세요.,안주,https://recipe1.ezmember.co.kr/cache/recipe/2022/07/05/6e4c921a93b2c07ef4f02109fd7755551.jpg,15,1,"물,200ml","얼그레이 티백,3개","설탕,5숟가락","얼음,8조각","레몬슬라이스,","잭다니엘 허니,30ml","탄산수,150ml",끝,"냄비에 물, 얼그레이티백, 설탕을 넣고 센 불로 끓인다.",얼그레이티백이 충분히 우러나면 티백은 버린다.,센 불에서 약불로 줄여 졸여 준다.,주걱으로 바닥을 긁었을 때 자국이 남을 때까지 졸인다.,"컵에 얼음, 얼그레이 시럽, 레몬 슬라이스, 잭다니엘 허니, 탄산수를 넣는다.",끝
잭다니엘 허니 카이피린냐,1,잭다니엘 허니를 이용한 간단한 하이볼 레시피입니다.,안주,https://recipe1.ezmember.co.kr/cache/recipe/2022/07/05/059e9bf7c52add8665482d6fdd2b395d1.jpg,5,1,"레몬,1/2개","설탕,0.5숟가락","잭다니엘 허니,40ml","얼음,6조각",끝,레몬은 슬라이스한다.,"컵에 레몬, 설탕, 잭다니엘 허니를 넣는다.",머들러나 절구를 이용하여 레몬을 으깨어 준다.,레몬의 향이 나면 얼음을 넣는다.,끝
"비오는날 매운짬뽕말고 중국집 우동 만들기, ",1,중국집우동이 생각나서 만들어 봤어요~,일식,https://recipe1.ezmember.co.kr/cache/recipe/2015/08/21/ec0747a73926e0a83b8609222c285c9e1.jpg,60,2,"오징어,1마리","새우,6마리","양파 소,1개반","통마늘,5알","청경채,4개","대파,1줄","배추,6잎","당근,1/4개","죽순,1/2줌","계란,2개","칼국수면,","물,","굴소스,1숟갈","소금,","후추,","식용유,",끝,"재료를 깨끗하게 씻어서 준비해 주시구요,","통마늘은 편으로, 대파는 어슷썰고, 나머지 재료는 채썰어서 준비해 주세요,죽순은 냉동실에 있어서 사용했구요 없으시면 생략가능합니다~","오징어와 새우를 손질해서 준비하시구요, 다른 해산물일 있으시다면 대체 하셔서 사용하셔도 되요~","계란은 풀어서 준비해 둡니다,",팬에 기름을 살짝 두르고 편마늘과 대파 썰어 놓은거 반만 넣고 볶아서 향을내주세요~,"양파를 넣고 볶아주다가,","배추 썰어 놓은걸 넣고 기름에 살짝 코팅하듯이 볶아주세요,",숨이 살짝 죽으면 오징어와 새우를 넣고 볶다가,"죽순을 넣고 빠르게 볶아줍니다,","물을 재료에 자박자박하게 부어 주세요, 채소에서 물이 나올걸 생각해야 하기때문에 자작하게 부으셨다가 숨이 죽고나면국물양을 보고 물 양을 조절해주세요~","끓는동안 면을 삶아서 준비해뒀어요,","팔팔 끓으면 국물을 굴소스와 소금으로 간을 해주시는데요, 굴소스를 많이 넣으면 국물색이 맑지가 않으니 1숟갈만 넣고 나머지간은 소금으로 맞춰주세요~",풀어놓은 계란을 휘 둘러서 젓지않고 끓어오르길 기다렸다가,"후추를 듬뿍 뿌려서 마무리하면, 중국식우동은 완성입니다~",끝
우동 레시피 쯔유로 일본 우동 만들기,1,날씨가 꽤나 쌀쌀해졌다 쌀쌀하다기 보다 매우 춥다고 말해야 하나~  오늘도 잠깐 밖에 서있는데도 너무 추워서 힘들 정도였다  아이들이 집에 오는 시간 따듯한 국물로 몸을 녹여주고 싶었다  그래서 오늘 간식은 어묵을 끓여 볼까 하다가 딸아이가 좋아하는 우동을 끓여본다  일본에서 먹었던 그 맛을 기억하며~,일식,https://recipe1.ezmember.co.kr/cache/recipe/2017/12/08/705ad2b00f4ee22f2f1c4b59fc8a5cd91.jpg,30,2,"우동면,2개","가쓰오부시,1컵","쯔유,3큰술","국간장,1큰술","소금,1/2큰술","맛술,1큰술","대파,","쑥갓,","어묵,","유부,","다시마,2장","디포리,2마리","멸치,1/2컵","건새우,1줌",끝,"2인분 기준으로 디포리 2마리와국멸치, 건새우, 다시마 2장으로 육수를 우린다",육수를 우린 다음 가쓰오부시를 넣고10분 정도 국물을 더 우려준 다음가쓰오부시를 걸러낸다,국물 맛을 내기 위해 쯔유 3 큰 술을 넣고 국간장 1 큰 술을 넣어 주니 간이 심심하다나머지는 소금으로 간을 하니일본에서 맛있게 먹던 딱 그 우동 국물 맛이 난다우리네 미역국이나 맑은 장국을 끓일 때는 국간장이 젤로 맛있고일본 우동맛을 내기 위해는 일본간장이 들어가야 하는 게 맞는 듯^^,이렇게 간을 해서 완성된 육수에어묵과 면을 끓여주면 된다,어묵과 우동을 넣어 한소끔 끓여낸다,유부도 넣고 끓여주면 더 진한국물 맛이 우러난다유부를 넣으면 국물 색이 탁해지니까최대한 마지막에 넣어 주면 좋다,마지막에 대파도 듬뿍 넣어 주니국물 맛이 시원해진다,끝
"7080 세대만 아는 느낌적인 느낌, 추억 소환 포장마차 우동",1,저 어렸을 적엔 말할 것도 없고 90년대 말까지만 해도 포장마차가 몰려있는 곳들이 꽤 눈에 띄었는데 요즘은 어떤지 모르겠네요. 천막치고 불 켜놓고 간이식탁과 의자를 놔두고 개조한 리어카에서 팔던 여러 술안주와 우동이 지금도 가끔 생각나는데 다른 안주는 파는 곳이 꽤 있어보여도 이 우동은 못 본 것 같아요. 일식 우동말고 개운하고 정직한 맛의 포장마차 우동이 생각나서 시원~하게 함 끓여봤어요.,일식,https://recipe1.ezmember.co.kr/cache/recipe/2018/12/29/c36d9258cb76e552f8f3b3f76433c3cc1.jpg,15,1,"국멸치,10마리","찬 물,750ml","우동사리,1인분","양조간장,1T","간마늘,1T","쑥갓,약간","다진파,2T","굵은고추가루,1T","김가루,1젓가락",끝,국거리용 멸치는 내장제거할 필요없이 그냥 통째로 빈 냄비에 넣고 가스불 올려서 덖어주세요. 물은 미리 준비해둡니다.중불,고소한 냄새가 나면서 구워지는데 연기나기 시작하면 타기 일보직전이니 그 때 바로 물을 붓고 불을 최대한 세게 올려주세요. (제가 국물을 좋아해서 물을 좀 많이 잡았는데 물을 줄이시려면 멸치양과 간장양을 같이 줄여주시면 돼요.)강불,물 부었을 때 말고 보글보글 끓기 시작한 때부터 딱 5분 지나면 멸치 건져내시고,바로 우동사리 넣고,간마늘과 간장도 넣은 뒤 딱 5분 더 끓여줍니다. 여기까진 애개? 하실 수 있지만 색깔은 포장마차 우동 그 진한 색 맞죠?,"다 끓은 우동 옮겨담아 위에 쑥갓, 다진파, 고추가루, 김가루를 골고루 올려놓으면 끝입니다. 드셔보시면 칼칼~하고 시원~한 옛날 그 맛에 만족하실 듯! 소주는 마시지도 못하지만 집에 있지도 않아서 야밤에 혼자 사케한잔 했... 안비밀...",끝
[휴게소 우동 만들기] 우동 국물 만들기,1,요즘에는 휴게소 맛집을 찾아다니는 사람이 많습니다.  휴게소 하면 생각나는 음식 중 하나가 우동입니다.  뜨끈한 국물에 빠르게 먹을 수 있기 때문입니다.  추운 날씨에 더욱 생각나는 국물 요리이기도 합니다.  쉽고 빠르게 만들 수 있는 휴게소 우동 만들기 입니다.  우동 국물 만들기를 집에서도 간편하게 할 수 있습니다.,일식,https://recipe1.ezmember.co.kr/cache/recipe/2022/11/26/2698b7e0e584f14e59808342821a2a651.jpg,10,1,"물,500ml","우동면,1개","쯔유,1큰술","간장,1큰술","치킨스톡 또는 다시다,1/3큰술","후추,약간","조미김,1팩","고춧가루,1작은술",끝,물 500ml를 팔팔 끓인다. 물이 끓으면 쯔유 1큰술을 넣는다. 간장 1큰술을 넣고 치킨스톡 또는 다시다 1/3 큰술 넣는다. 간을 보고 싱겁다면 기호에 따라 소금 약간 넣는다.센불집에 남은 어묵탕 수프가 있을 경우도 있다. 그때는 수프 1개에 간장 반 큰 술만 넣으면 국물은 끝이다.,우동면 사리 1개를 넣어 끓인다.쫄깃한 사누끼 우동면을 사용했다.,젓가락으로 면을 풀어주고 끓인다. 3~4분 끓여주면 국물이 면과 어우러진다.중불,불을 끄고 마지막으로 고명을 올린다. 조미김 1팩(4g)을 잘게 잘라서 올린다. 고춧가루 1작은술 뿌려준다. 깨 약간 뿌려 마무리한다.,끝
﻿일식 볶음면 야키우동 만들기 (야끼우동 : 焼きうどん),1,"식사로도 좋고 야식, 안주로도 훌륭한 야키우동입니다 재료도 간단 요리과정도 정말 간단",일식,https://recipe1.ezmember.co.kr/cache/recipe/2023/06/13/fead7122d980623624dfcbb0232a11b21.jpg,15,1,"우동면,1인분","돼지고기,100g","소시지,2개","양배추,1줌","마늘,2개","소금,1꼬집","후추,1꼬집",일본주1스푼,"간장,1스푼","미림,1/2스푼","혼다시,1/2스푼",끝,﻿재료를 한입크기로 잘 썰어둡니다,﻿양념을 미리 섞어둡니다,"﻿고기,소시지 먼저 볶다가",﻿야채 넣고 소금 후추와 함께 잘 볶아줍니다,﻿재료를 덜어놓고 우동면을 앞 뒤로 굽다가,"﻿물을 2,3스푼 넣고 뚜껑을 덮어버립니다. 재료를 위에 올리고 해도 OK",﻿우동면이 잘 풀어졌으면 소스넣고,﻿잘 볶아준 뒤 그릇에 담으면 완성,끝
다이어트 요리! 냉동 닭가슴살 활용 맛있게 먹는법 냉우동샐러드,1,냉동실에 있는 여러 닭가슴살 종류로 닭가슴살 냉우동샐러드 만들어서 맛있는 한 끼 드셔보세요,일식,https://recipe1.ezmember.co.kr/cache/recipe/2023/06/05/324d076912062ecb04333db316c54a531.jpg,30,2,"샐러드용 야채,200g","닭가슴살,100g","통깨,1T","다진마늘,1T","올리브유,2T","오리엔탈소스,1T","진간장,1T","레몬쥬스,1T","꿀,1T","우동면,1개","물,","파마산치즈,","캐슈넛,","꿀,",끝,샐러드 야채 200g 물에 행군 다음 체에 물 빼줘요.,"소스부터 만들어줄게요 통깨 1T 넣고 갈아서 넣어줘요 다진 마늘 1T ,엑스트라 버진 올리브유 2T, 오리엔탈 소스 1T ,진간장 1T ,레몬쥬스 1T, 꿀 1T 넣고 잘 섞어줘요","끓는 물에 우동 면 넣고 삶아요. 화력에 따라 다르겠지만, 1분 40초에서 2분 정도가 적당해요",찬 물에 면을 헹궈줘요,물기를 쫙 빼고 건져 그릇에 면을 담아주세요. 그리고 비법 소스 2T 넣어주세요. 기호에 따라 더 넣어주셔도 돼요.,샐러드 야채 올리고 파마산이나 레지아노 치즈를 냉우동샐러드 위에 갈아서 뿌려줘요,닭가슴살과 캐슈넛 뿌려주면 냉우동샐러드 완성이에요,끝
"청양고추를 넣어서 매콤한 볶음우동, 쉽게 만들기",1,매콤한 맛이 땡기는 날 쉽고 간단하게 만드는 볶음우동,일식,https://recipe1.ezmember.co.kr/cache/recipe/2015/11/24/d03d82013b6d0f325fc751dc9bbea1381.jpg,10,2,"우동면,400g","버섯,","양파,","청경채,","숙주,","청양고추,","대파,","간장,2T","고추가루,1T","다진마늘,1T","굴소스,2T","올리고당,2T","물,1T",끝,"간장2T, 고추가루 1T, 다진마늘 1T, 굴소스 2T, 올리고당 2T, 물 1T를 넣고청양고추와 대파 썰고 섞어줍니다.","숙주, 버섯, 청경채를 깨끗하게 씻어서 손질해두고 끓는 물에 데쳐둡니다.",양파는 가늘게 썰고 팬에 기름 살짝 둘러 볶아줍니다.,볶은 양파에 삶은 우동면을 넣고 뒤섞어가며 볶습니다.,"그 다음, 만들어둔 양념장을 넣고 가볍게 볶아줍니다.",데친 채소들을 넣고,채소들과 면이 잘 섞이도록 볶아주면 완성.,끝
시원하고 해물이 푸짐한 중국집 삼선우동,1,"주꾸미, 새우, 조갯살을 넣어 시원한 매력을 느낄 수 있는 삼선우동! 갖은 해물에 채소까지 다양한 고명으로 다양한 풍미를 느낄 수 있어 먹는 즐거움을 만끽할 수 있는 우동이에요!",일식,https://recipe1.ezmember.co.kr/cache/recipe/2023/05/19/251e1347d14b9ce682aca7cb4fdb5a0e1.jpg,30,1,"양파,1/4개60g","쥬키니,1/4개90g","당근,1/5개75g","표고버섯 1개,25g","죽순,15g","청경채 1개,70g","주꾸미 4마리,90g","새우 4마리,80g","조갯살,100g","생면,1인분","물 3종이컵,540ml","달걀,1개","맛술 1숟가락,10g","간장,1/2숟가락5g","치킨스톡 1숟가락,7g","소금,약간","후추,약간","참기름 1숟가락,7g",끝,"양파, 돼지호박, 당근은 채 썬다.","표고버섯, 죽순은 편 썬다.",청경채는 밑동을 잘라낸다.,깊은 팬에 물을 넣고 끓인다.,"맛술, 간장, 치킨스톡, 소금, 후추를 넣어 국물 간을 한다.","주꾸미, 칵테일 새우, 조갯살, 손질한 채소를 모두 넣고 끓인다.오징어 등 원하는 해물을 더 넣어도 좋아요.거품이 생기면 걷어내요.",해물이 모두 익으면 달걀을 풀어 넣는다.,참기름을 두른 후 불을 끈다.,끓는 물에 면을 삶은 후 찬물에 헹군다.끓어오르면 찬 물 끼얹는 것을 2~3번 반복해 쫄깃하게 삶아요.,삶은 면을 뜨거운 물에 한번 데쳐 그릇에 담는다.,끓인 육수를 부어 완성한다.,끝
해물볶음우동 만들어봤어요.,1,오전에는 혈압약 받으러 다녀오고 집에 와서 침구류 바꾸고 아이 방 침대 위치 바꾸고 음식 해서 영상 찍어서 편집까지 마쳤어요. 오늘 하루는 열심히 살았네요. 매일 이렇게 부지런히 움직여야 하는데 그게 잘 안 된단 말이죠...^^;; 짝꿍이가 쉬는 날이라서 같이 먹으려고 해물볶음우동 2인분을 만들어봤어요.,일식,https://recipe1.ezmember.co.kr/cache/recipe/2019/09/23/a5ebc64f5b47d5921d56e7bcdf9308c51.jpg,15,1,"모둠해물,200g","우동면사리,2개","양파,1/4개","고춧가루,2T","간장,2T","설탕,2T","굴소스,3T","기름,","맛술,","후추,","대파,",끝,해물 비린내를 잡기 위해 맛술과 소주에 해물을 담가둔다., 양파 1/4개는 채 썬다., 볼에 양념재료를 넣고 양념장을 만든다., 끓는 물에 우동사리를 넣고 1분 정도 삶아 준 후 체에 밭쳐 물기를 뺀다., 달군 팬에 기름을 둘러주고 양파를 넣고 볶아 익힌다., 양파가 익으면 해물과 양념을 넣고 볶는다., 해물이 익으면 우동면을 넣고 재빨리 볶는다., 대파 한 움큼을 넣고 마무리 한다. ,끝
우동국물 만들기 가쓰오부시 육수 우동 만들기,1,"가쓰오부시 육수로 우동국물 만들기, 집에서도 맛있게 우동 만들기!",일식,https://recipe1.ezmember.co.kr/cache/recipe/2023/05/17/ecdb890873eff1dbd0d48cf110a87e111.jpg,30,1,"우동면,1인분","쑥갓,조금","대파,조금","김,조금","액젓,조금","국간장,조금","다시마,20g","가쓰오부시,40g",끝,"냄비에 물 2리터를 붓고, 다시마 20g을 넣어서 끓여줍니다. 다시마 물이 끓기 시작하면 기포가 올라오는데요, 이 때 불을 약불로 줄여줍니다. 강불 -> 약불","거품을 계속 걷어내주고, 약불에서 10분간 뭉근하게 다시마를 우려냅니다.약불센불로 하게 되면 다시마의 진액이 나와서 국물맛이 좋지 않고, 약불로 서서히 우려내야 다시마의 감칠맛을 최대한 살릴 수 있어요.",10분간 다시마를 우려낸 후엔 다시마를 건져냅니다.,가쓰오부시를 넣어서 약불에서 5분 정도 은근하게 우려냅니다.약불나중에 가쓰오부시 건더기를 일일이 건져내기 번거로울 수 있으니 다시팩에 넣어서 우려내면 간편하게 할 수 있어요.,5분 우려낸 후 가쓰오부시를 모두 건져냅니다.,맑은 가쓰오부시 육수 완성이에요. 훈제 향과 맛이 듬뿍~ 간은 안되었지만 진한 육수 맛이 좋아요~^^,"끓는 물에 우동면을 3~4분 정도 삶아서 찬물에 헹궈 물기를 제거한 다음 끓고 있는 가쓰오부시 육수에 넣고 살짝 끓여줬어요 까나리액젓과 국간장으로 간을 하고, 고명없이 대파만 조금 넣어주었어요.","가쓰오부시 우동 완성이에요. 가쓰오부시 육수 덕분에 밖에서 사먹는 것 같은 비슷한 맛이 나구요, 육수만 만들어두면 간편하게 우동 만들기가 가능해요.","참고로 [간장국물 만들기]는 진간장 100ml, 맛술 100ml, 설탕 30g을 넣고 강불에서 끓이면 됩니다. 가쓰오부시 육수에 간장국물 넣어서 간을 맞춰 사용해도 좋아요.가쓰오부시 육수 : 간장국물 = 5 : 1 비율로 섞으면 되는데 입맛에 맞게 비율을 조절해서 만들어요.저는 간이 센 것 같아 그냥 육수만 사용해서 만들었어요.",끝
초여름 간식 빙수기 없이 호텔식 망고빙수 만들기,1,10만 원 아끼는 방법 초여름을 맞아 집에서 만들어 먹는 호텔식 망고빙수 간편하고 맛도 좋아서 여름에 만들기 좋아요,간식,https://recipe1.ezmember.co.kr/cache/recipe/2023/05/31/36a17d6291b0c65aa24839fa579affa41.jpg,30,1,"우유,500ml","망고 또는 애플망고,1개","연유,2T",끝,"우유 500ML에 연유 2T를 넣고 잘 섞어주세요.우유,연유계량컵",잘 섞어준 우유는 지퍼백에 넣고 평평하게 만들어 주세요.넓은 쟁반평평하게 얼릴 때는 넓은 쟁반 이나 통에 넣어서 얼려주시면 평평하게 잘 얼어서 빙수를 만들기 편합니다 ,"망고는 씨를 기준으로 양쪽으로 썰어주시고 껍질을 얇게 벗겨 주세요 껍질 벗기기가 어려우신 분들은 감자칼로 벗겨줘도 좋습니다. 껍질을 벗겨준 망고는 사선으로 얇게 슬라이스 해주세요망고 OR 애플망고도마 감자칼 , 칼얼린 우유를 꺼내기 전에 꼭 준비해주세요.                                                      [시즌특가] 달가 태국 골드망고 4입 1.3kg 이상                        ",망고 손질이 끝났다면 이제 얼린 우유를 꺼내서 쟁반에 적당한 사이즈로 조각 내주세요.전날 얼려두면 사용하기 편해요,빙수기는 여름에나 한 철 사용하거나 사용할 경우가 많지 않아서 감자 강판에 갈아주니 정말 잘 갈렸어요. 물이 아닌 우유를 얼려서 쉽게 잘 갈려요.감자강판강판이 없다면 채칼로 갈아줘도 됩니다. ,갈아준 우유 빙수는 그릇에 넣어주세요.그릇그릇을 선택할 때는 너무 넓지 않고 깊지 않은 그릇을 사용하여야 망고가 이쁘게 올라갑니다. ,갈아준 우유 빙수 위에 슬라이스 한 망고를 겹겹이 쌓아주세요.망고,"망고 빙수 위에 아이스크림까지 올리면 망고 빙수 완성입니다. 단맛을 좋아한다면 위에 연유를 뿌려줘도 좋아요.밀크 아이스크림 ,연유",끝
팥빙수레시피 팥푸딩..^^,1,"요 며칠 날씨가 더워 아이스크림을 찾게되어서 팥빙수 생각을 하게되어서 제가 푸딩을 좋아해서 푸딩으로 만들어봤는데, 팥빙수 맛의 팥푸딩이었습니다.. 너무 맛있어서 놀랐습니다.. 여름에 많이 만들 것 같습니다..^^",간식,https://recipe1.ezmember.co.kr/cache/recipe/2023/03/14/ae9eaf192184c960dc74827a5d168c9f1.jpg,120,2,"우유,300ml","연유,50g","판젤라틴,3장","바닐라 아이스크림,5스쿱","팥앙금,200g","인절미,100g","아몬드 튀일,30g","초코시럽,적당량",끝,우유 300ml와 연유 50g를 준비해주세요,판젤라틴 3장을 차가운 물에 10분정도 흐물해질때까지 담궈주세요.,냄비에 우유와 연유를 약불에 약간 뜨겁게 데워주세요.,우유가 데워지면 불을 끄고 흐물해진 판젤라틴을 넣어서 녹여주세요.,우유베이스가 완성되면 푸딩용기에 부어서 냉장고에 4~5시간정도 넣어주세요.,냉장고에 있던 푸딩용기를 준비해서 우유베이스에 팥앙금을 올려주세요.,이제 팥앙금 위에 아몬드 튀일을 주위로 올려주세요.,이제 위에 바닐라 아이스크림을 1스쿱 올려주세요.,아이스크림 옆에 인절미를 조금만 올려주세요.,마지막으로 초코렛소스를 살짝 토핑해주세요.,끝
[식약처] 식혜 팥빙수,1,나트륨 · 당류를 줄인 조리법을 소개합니다.,간식,https://recipe1.ezmember.co.kr/cache/recipe/2022/10/23/a9f9343b4f1033b497899e902d961f901.png,60,3,"팥,10g","찹쌀가루,15g","쑥가루,5g","물,10g","식혜,110g","소금,적당량",끝,팥을 깨끗하게 씻어 물을 부어 끓인 뒤 물을 버리고 다시 찬물을 부어 삶는다.,부드럽게 삶아진 팥의 물기를 제거한 후 으깬다.,찹쌀가루를 둘로 나누어 하나는 쑥가루를 넣고 하나는 맨 찹쌀가루에 뜨거운 물로 익반죽 하여 경단을 만든 뒤 끓는 물에 익힌다.,익힌 경단을 바로 차가운 얼음물에 담궈 식힌다.,식혜에 으깬 팥을 넣고 소금 간을 한 뒤 그릇에 담아 냉동실에 얼리면서 1시간 마다 공기가 들어가도록 포크로 저어준다.,샤베트가 부드럽게 얼면 준비한 그릇에 경단과 함께 담는다.,끝
우유팥빙수 만들기 여름제철 수제 디저트 아이간식 옛날빙수,1,빙수기 없어도 집에서 맛있는 팥빙수 만드는 법 소개 해 드릴께요.,간식,https://recipe1.ezmember.co.kr/cache/recipe/2022/08/19/c610b762a3e159123ed6b4661a10f4dc1.jpg,5,1,"우유 얼린것,1팩","떡,1T","팥빙수 팥,3T","꿀,1T","콩가루,1T",끝,영양만점 우유빙수 만들기 해 볼께요.,여름에 디저트로 빙수 많이 만들어 먹으니 냉동실에 우유를 팩째 미리 얼려 두세요.,으깬 우유를 넣고 그 위에 떡과 콩가루. 팥 기호에 따라서 좋아하는 과일 등을 올려 주세요.,그럼 맛있는 우유빙수가 완성이랍니다.,끝
과일 빙수 만들기 집에서 빙수 기계 없이 만든 아몬드 브리즈 우유 빙수 (설빙 가지 마세요!),1,안녕하세요 여사장입니다. 요즘 빙수 만들기에 꽂혀서 매주 종류별로 만들고 있습니다. ㅎㅎ 냉동실에 망고와 딸기가 있어서 과일 빙수 만들기를 시도해 보았는데요 이번에는 흰우유 대신 아몬드 브리즈 우유를 활용하여 빙수 기계 없이 만들어 보았습니다.,간식,https://recipe1.ezmember.co.kr/cache/recipe/2022/08/17/516bf0515798bd98a742ac920c5c325f1.jpg,15,1,"냉동 아몬드브리즈,1팩","냉동망고,","딸기,","연유,","인절미,","팥,",끝,아몬드 브리즈 우유를 실리콘 용기에 부은 후 냉동실에 넣고 얼려줍니다.,역시 빙수 기계 없이 만들 것이기 때문에 조리 30~1시간 전에 냉동실에서 꺼낸 후 실온 해동합니다.,팥을 너무 좋아해서 100% 과일 빙수가 아닌 팥 조금 넣은 과일 팥빙수에요... (인절미 떡도 쪼콤),냉동 망고와 딸기,살짝 녹은 아몬드 브리즈 우유,깨끗한 비닐에 냉동 아몬드 브리즈 우유를 넣은 후 면포로 다시 한번 감싸줍니다.,나무 밀대로 모서리 부분을 집중적으로 내리치면 얼음이 잘 깨집니다.,잘게 부서진 우유 얼음을 그릇에 부어줍니다.,1차 연유 토핑,삶은 팥을 부어줍니다.,인절미가 조금 딱딱해서 전자레인지에 넣고 1분 이하로 돌려줍니다.전자레인지,말랑해진 인절미를 가위로 잘라 그릇에 넣어줍니다.,이제 마지막 단계에 냉동과일을 올려줍니다. (실온에 두어 어느정도 해동된 상태임),2차 연유 토핑,끝
옛날 팥빙수 만들기 집에서 빙수 기계 없이 만든 우유 빙수& 팥빙수 팥 삶기 초간단 방법 by 전기밥솥,1,"안녕하세요 여사장입니다. 무더운 여름은 싫지만 맛있는 음식들이 특히나 여름에 많은 것 같아요. 냉모밀, 콩국수, 수박, 아이스크림, 그중에서 팥빙수!! 할머니 입맛인 저는 찹쌀떡 넣은 팥빙수를 매우 좋아한답니다. 그래서 여름이 오기 시작하면 직접 팥 삶기해서 냉동실에 쟁여 놓습니다.",간식,https://recipe1.ezmember.co.kr/cache/recipe/2022/08/17/e4c18c70e49f50745a43aac6ab59e7481.jpg,120,1,"팥,","머스코바도 설탕,5스푼","우유,","연유,","콩가루,2~3스푼","찹쌀떡,2개",끝,팥 삶기 어렵지 않아요. 집에 압력밥솥이 없어서 저는 전기밥솥으로 몇년째 팥 잘 삶고 있습니다ㅎㅎ 일단 팥을 깨끗하고 씻은 후 물에 한나절 불려줍니다. 불린 팥을 전기밥솥에 넣어 일반 취사로 선택해 삶아줍니다. (일반 취사 시간과 같아 50분 정도 걸립니다) 1차로 삶은 팥에 물 2컵 정도 부은 후 마스코바도 설탕 5스푼을 넣어줍니다.,설탕이 잘 녹도록 수저로 섞어준 후 다시 일반 취사로 선택해서 삶아줍니다.,50분이 지나서 전기밥솥 뚜껑을 열어 팥 상태를 확인해 봅니다. 손으로 눌러보니 단단했던 팥이 쉽게 뭉개지네요.,밥솥을 차가운 물에 넣고 열기를 식혀줍니다.,윤기가 좌르르 하네요.^^,영롱하게 잘 삶아진 팥 예전에는 팥을 갈아서 냉동 보관했는데 팥을 씹는 식감이 좋아서 믹서기에 갈지 않고 그냥 이 상태로 실리콘 보관 용기에 넣어 냉동 보관합니다.,우유도 실리콘 용기에 넣어 냉동 보관합니다.,냉동 팥과 냉동 우유를 꺼내줍니다.,빙수기 없이 만들 것이기 때문에 조리 30~1시간 전에 실온에서 해동합니다.,찹쌀떡은 전통시장에 직접 가서 떡집에서 손수 구매했습니다. 항상 가는 떡집이 있어요. ㅎㅎ,냉동 우유가 살짝 녹은 상태가 되면 깨끗한 비닐에 냉동 우유를 넣어줍니다.,비닐 위에 깨끗한 행주나 면보를 감싼 후 밀대로 냉동 우유를 쳐줍니다. 이때 모서리 부분을 집중적으로 내리치면 우유 얼음이 잘 깨집니다.,깨진 우유빙수를 그릇에 부어줍니다.,그 위에 팥을 올려줍니다.,"즐거운 토핑 시간~!^^ 고소한 콩가루 2~3스푼, 찹쌀떡 2개 자른 것을 올려준 후 연유를 뿌려줍니다.",끝
제주애플망고빙수 만들기 우유얼음 얼리기 꿀팁 호텔 부럽지 않은 라라홈카페,1,안녕하세요!!요리.레시피 블로거 라라예요. 너무 더워서 애플망고 우유빙수를 만들어볼게요. 재료  애플망고2개.우유750ml+전지분유23.아이스크림 데코용 금가루 *이틀전 우유에 전지분유 섞어서 얼려주세요,간식,https://recipe1.ezmember.co.kr/cache/recipe/2022/08/08/8123449e0183c4575b5482c20f0e54521.jpg,30,2,"우유,750ml","전지분유,23g","애플망고,2개",끝,우유750ml.+전지분유23g넣고 냉동실에 넣어주세요,우유얼음은 이렇게 수제로 만들어집니다.포크로 몇번 하다 보면 금방 녹아서칼로 자르듯 자르면 얼음 잘 잘려요.이걸 반복하다보면 우유 얼음이 녹으니빠르게 진행해주세요,위에 망고를 잘게 자른후올려주세요,끝
메론 빙수 만들기 우유 요거트 빙수 ,1,홈카페로 즐기는 시원하고 달콤한 메론빙수입니다.,간식,https://recipe1.ezmember.co.kr/cache/recipe/2022/08/07/411b023df62e6f6bcb5367dedd8cc2791.jpg,120,1,"머스크 메론,1/2통","우유,1종이컵","플레인 요거트 85g,2개","연유,2~3스푼","베이킹소다,2스푼",끝,"먼저 우유와 플레인 요거트 , 연유, 지퍼팩을 준비해 주세요. 빙수용 얼음을 먼저 얼리도록 할게요~","지퍼팩에 우유 종이컵 1컵, 플레인 요거트 2개, 연유 2~3스푼을 넣고 섞어줍니다.연유는 2스푼 정도 넣어보고 맛을 본 뒤 입맛에 맞게 추가로 더 넣어주면 돼요.",지퍼팩을 눕혀서 납작하게 모양을 잡아준 뒤 냉동실에 얼려줍니다.저는 3시간 이상 얼린 것 같아요.,메론 표면에 베이킹소다를 2스푼 정도 뿌려서 손으로 겉 부분을 박박 문질러 주세요.메론 껍질을 먹을 일은 없지만 메론을 썰거나 속을 파낼 때 껍질을 손으로 계속 만지기 때문에 세척을 한 다음에 썰어주는 게 좋아요.,메론을 베이킹 소다로 문지른 다음 흐르는 물에 깨끗하게 헹궈주세요.,키친타월로 표면의 물기를 닦아주세요.,메론 꼭지 부분을 잘라내고 가로로 2등분 으로 썰어주세요.,가운데 메론 씨를 수저로 말끔하게 파줍니다.,메론의 과육을 원형 화채 스푼으로 동글게 떠주세요.,화채 스푼으로 동글한 모양으로 최대한 과육을 파주고 바닥에 있는 과육은 수저로 긁어주세요.메론의 달콤한 과육이 아까우니 바닥까지 수저로 긁어주고 그 위에 빙수 얼음을 올려줄게요.,냉동실에 넣어두었던 우유 요거트 얼음을 꺼내서 대로 두들겨주다가 밀대를 굴려가며 밀어줍니다.우유와 요거트를 얼린 얼음은 물을 얼린 얼음하고 달라서 생각보다 잘 부서져요.,좀 전에 과육을 파낸 메론 그릇에 우유 요거트 빙수 얼음을 담아줍니다.,원형 화채 스푼으로 동글게 파낸 메론을 우유 요거트 얼음 위에 예쁘게 올려서 완성해 주세요.마지막에 연유를 메론 과육 위에 살짝 뿌려도 좋아요.,완성입니다.,끝
초간단 맛있는 초코빙수만들기,1,나날이 핫해지는 만큼 자꾸 생각나는 시원한 빙수인데요~ 편의점 재료조합으로만으로도 간단하고 맛있게 만들어 볼 수 있는 초코초코한 빙수랍니다. 1인가구나 자취러분들도 혼빙 가능하구요ㅎ 시원달콤한 초코빙수로 맛있는 당충전 해보았으면 해요:),간식,https://recipe1.ezmember.co.kr/cache/recipe/2022/08/04/193cf258c22bcad7f77d03bcc399e23e1.jpg,10,1,"초코우유,300ml",리얼초코찰떡1봉,"초코시럽,2T","초코과자,",쌍쌍바1개,끝,우유는 전날 미리 얼려주세요.,얼린우유는 숟가락으로 긁어빙수입자로 만들어 주세요.,빙수그릇에 바로 옮겨담아줄께요.,초코리얼찰떡과 평소 좋아하는 초코과자류들을 토핑해주세요.,초코시럽을 취향껏 뿌려줄께요.,초코바아이스크림을 올려 초간단 초코빙수를 완성해주세요.,끝
멜론 빙수 만들기/홈 카페 멜론 빙수/멜론 주스 만들기,1,우리 집 토끼 아롱이가 살아생전 메론바를 엄청 좋아해서 아이들이 메론바를 먹고 있으면 예고 없이 아이들의 멜론 빙수를 뺏어 먹곤 했는데요 아이들과 아롱 토끼를 생각하며 토끼 모양 멜론 빙수를 만들어 보았어요~,간식,https://recipe1.ezmember.co.kr/cache/recipe/2022/07/19/37fda4afb5cb5fd2a7ceac6b872d97dc1.jpg,30,2,"멜론,1통","얼린 바나나우유,180ml","메로나,1개","얼음,조금",끝,멜론을 절반으로 잘라 주세요.멜론 1통으로 멜론 빙수 2개를 만들어 먹을 수 있어요~,멜론 가운데 있는 씨를 숟가락으로 파내 주세요.,화채 스푼을 이용해서 메로나 가장 자리를 쭉 돌려 가며 V자로 잘라 주세요.,화채 스푼을 이용하여 남은 멜론을 동그랗게 파내어 가장 자리를 파낸 멜론 가운데를 채워 주시고 중앙에 멜론 아이스크림 한쪽 올려 주면 멜론빙수 완성입니다.,토기모양 장식을 만들어 올려 주시면더 이쁜 멜론 빙수 마들기가 완성 됩니다.토끼 얼굴과 기는 멜론 밑둥을 잘라서 만들고 눈은 초코렛으로 수염은 꼬치 막대기를 이용해서 만들어 주었답니다.,멜론속을 모두 파내고 만들면 또다른 멜론 빙수를 만들수 있고 파낸 멜론으로 주스도 만들수 있답니다.,멜론에 빙삭기로 얼음을 갈아서 2/3 정도 채워 주세요.,바나나 우유 얼린것을 손으로 으깨서 올려 주세요.,토끼모양 틀을 이용하여 토끼모양 멜론 모양을 여러개 만들어 주세요.,토끼모양의 멜론을 올려 주고 메로나 아이스 크림을 추가 하시면 또다른 맛의 빙수가 탄생 합니다.달게 드시고 싶으면 연유를 듬뿍 뿌려 주세요.바나나 우유와 멜론의 조합은 찰떡 궁합니랍니다.,끝
